Organisme,Phylym,Genre,Espèce,Collection,Couleur du mycélium,Pigmentation du milieu,Contour de la colonie,Densité du mycélium,Mycélium aérien,Structures particulières,Exudats,Méiospores,Septa,Mitospores,Sporogénèse,Couleur des mitospores,Forme des mitospores,Nombre de cellules,Disposition des mitospores,Regroupement des mitospores,Couleur de la colonie,Forme des blastospores,Photo genre,Photo micro genre,Dessus,Dessous,Photo micro
,,Phoma,,,,,,,,,,,,,,,,,,,,,,,,,
,,Epicoccum,,,,,,,,,,,,,,,,,,,,,,,,,
,,Phoma,,,,,,,,,,,,,,,,,,,,,,,,,
,,Alternaria,,,,,,,,,,,,,,,,,,,,,,,,,
,,en cours,,,,,,,,,,,,,,,,,,,,,,,,,
,,en cours,,,,,,,,,,,,,,,,,,,,,,,,,
,,en cours,,,,,,,,,,,,,,,,,,,,,,,,,
,,Epicoccum,,,,,,,,,,,,,,,,,,,,,,,,,
,,Phoma,,,,,,,,,,,,,,,,,,,,,,,,,
,,Botrytis,,,,,,,,,,,,,,,,,,,,,,,,,
,,Paraphoma,,,,,,,,,,,,,,,,,,,,,,,,,
,,,,,,,,,,,,,,,,,,,,,,,,,,,
,,Phoma,,,,,,,,,,,,,,,,,,,,,,,,,
,,Alternaria,,,,,,,,,,,,,,,,,,,,,,,,,
,,non exploitables,,,,,,,,,,,,,,,,,,,,,,,,,
,,Cladosporium,,,,,,,,,,,,,,,,,,,,,,,,,
,,Cladosporium,,,,,,,,,,,,,,,,,,,,,,,,,
,,en cours,,,,,,,,,,,,,,,,,,,,,,,,,
,,en cours,,,,,,,,,,,,,,,,,,,,,,,,,
,,,,,,,,,,,,,,,,,,,,,,,,,,,
,,Alternaria,,,,,,,,,,,,,,,,,,,,,,,,,
,,,,,,,,,,,,,,,,,,,,,,,,,,,
,,Phoma,,,,,,,,,,,,,,,,,,,,,,,,,
,,en cours,,,,,,,,,,,,,,,,,,,,,,,,,
,,Cladosporium,,,,,,,,,,,,,,,,,,,,,,,,,
,,Alternaria,,,,,,,,,,,,,,,,,,,,,,,,,
,,en cours,,,,,,,,,,,,,,,,,,,,,,,,,
,,en cours,,,,,,,,,,,,,,,,,,,,,,,,,
,,,,,,,,,,,,,,,,,,,,,,,,,,,
,,en cours,,,,,,,,,,,,,,,,,,,,,,,,,
,,,,,,,,,,,,,,,,,,,,,,,,,,,
,,,,,,,,,,,,,,,,,,,,,,,,,,,
,,en cours,,,,,,,,,,,,,,,,,,,,,,,,,
,,en cours,,,,,,,,,,,,,,,,,,,,,,,,,
,,en cours,,,,,,,,,,,,,,,,,,,,,,,,,
,,en cours,,,,,,,,,,,,,,,,,,,,,,,,,
,,Claviceps,,,,,,,,,,,,,,,,,,,,,,,,,
,,,,,,,,,,,,,,,,,,,,,,,,,,,
,,Cladosporium OU uncultured Davidiella,,,,,,,,,,,,,,,,,,,,,,,,,
,,,,,,,,,,,,,,,,,,,,,,,,,,,
,,,,,,,,,,,,,,,,,,,,,,,,,,,
,,,,,,,,,,,,,,,,,,,,,,,,,,,
,,,,,,,,,,,,,,,,,,,,,,,,,,,
,,,,,,,,,,,,,,,,,,,,,,,,,,,
,,,,,,,,,,,,,,,,,,,,,,,,,,,
,,,,,,,,,,,,,,,,,,,,,,,,,,,
,,Alternaria,,,,,,,,,,,,,,,,,,,,,,,,,
,,Cladosporium,,,,,,,,,,,,,,,,,,,,,,,,,
,,Cladosporium OU uncultured Davidiella,,,,,,,,,,,,,,,,,,,,,,,,,
,,,,,,,,,,,,,,,,,,,,,,,,,,,
,,Pas de Produit,,,,,,,,,,,,,,,,,,,,,,,,,
,,Cladosporium,,,,,,,,,,,,,,,,,,,,,,,,,
,,,,,,,,,,,,,,,,,,,,,,,,,,,
,,,,,,,,,,,,,,,,,,,,,,,,,,,
,,en cours,,,,,,,,,,,,,,,,,,,,,,,,,
,,en cours,,,,,,,,,,,,,,,,,,,,,,,,,
,,en cours,,,,,,,,,,,,,,,,,,,,,,,,,
,,,,,,,,,,,,,,,,,,,,,,,,,,,
,,Cladosporium,,,,,,,,,,,,,,,,,,,,,,,,,
,,en cours,,,,,,,,,,,,,,,,,,,,,,,,,
,,Phoma,,,,,,,,,,,,,,,,,,,,,,,,,
,,Alternaria,,,,,,,,,,,,,,,,,,,,,,,,,
,,,,,,,,,,,,,,,,,,,,,,,,,,,
,,en cours,,,,,,,,,,,,,,,,,,,,,,,,,
,,en cours,,,,,,,,,,,,,,,,,,,,,,,,,
,,Alternaria,,,,,,,,,,,,,,,,,,,,,,,,,
,,en cours,,,,,,,,,,,,,,,,,,,,,,,,,
,,Cladosporium,,,,,,,,,,,,,,,,,,,,,,,,,
,,Leptosphaeria,,,,,,,,,,,,,,,,,,,,,,,,,
,,Leptosphaeria,,,,,,,,,,,,,,,,,,,,,,,,,
,,Talaromyces ou Penicillium,,,,,,,,,,,,,,,,,,,,,,,,,
,,Leptosphaeria,,,,,,,,,,,,,,,,,,,,,,,,,
,,Leptosphaeria,,,,,,,,,,,,,,,,,,,,,,,,,
,,,,,,,,,,,,,,,,,,,,,,,,,,,
,,Alternaria alternata,,,,,,,,,,,,,,,,,,,,,,,,,
,,Alternaria alternata,,,,,,,,,,,,,,,,,,,,,,,,,
,,Alternaria alternata,,,,,,,,,,,,,,,,,,,,,,,,,
,,Alternaria alternata,,,,,,,,,,,,,,,,,,,,,,,,,
,,Fusarium oxysporum,,,,,,,,,,,,,,,,,,,,,,,,,
,,Alternaria alternata,,,,,,,,,,,,,,,,,,,,,,,,,
,,Alternaria infectoria,,,,,,,,,,,,,,,,,,,,,,,,,
,,Séquencé mais mauvaise qualité,,,,,,,,,,,,,,,,,,,,,,,,,
,,Alternaria alternata,,,,,,,,,,,,,,,,,,,,,,,,,
,,Alternaria alternata,,,,,,,,,,,,,,,,,,,,,,,,,
,,Alternaria alternata,,,,,,,,,,,,,,,,,,,,,,,,,
,,Epicoccum,,,,,,,,,,,,,,,,,,,,,,,,,
,,Alternaria alternata,,,,,,,,,,,,,,,,,,,,,,,,,
,,Alternaria alternata,,,,,,,,,,,,,,,,,,,,,,,,,
,,Alternaria alternata,,,,,,,,,,,,,,,,,,,,,,,,,
,,Alternaria alternata,,,,,,,,,,,,,,,,,,,,,,,,,
,,séquençage pas marché,,,,,,,,,,,,,,,,,,,,,,,,,
,,Alternaria alternata,,,,,,,,,,,,,,,,,,,,,,,,,
,,Fusarium,,,,,,,,,,,,,,,,,,,,,,,,,
,,Alternaria alternata,,,,,,,,,,,,,,,,,,,,,,,,,
,,Alternaria alternata,,,,,,,,,,,,,,,,,,,,,,,,,
,,Alternaria alternata,,,,,,,,,,,,,,,,,,,,,,,,,
,,Alternaria infectoria,,,,,,,,,,,,,,,,,,,,,,,,,
,,Fusarium chlamydosporum,,,,,,,,,,,,,,,,,,,,,,,,,
,,Cladosporium,,,,,,,,,,,,,,,,,,,,,,,,,
,,,,,,,,,,,,,,,,,,,,,,,,,,,
,,Alternaria alternata,,,,,,,,,,,,,,,,,,,,,,,,,
,,Fusarium oxysporum,,,,,,,,,,,,,,,,,,,,,,,,,
,,Fusarium chlamydosporum,,,,,,,,,,,,,,,,,,,,,,,,,
,,Alternaria alternata,,,,,,,,,,,,,,,,,,,,,,,,,
,,mauvaise qualité mais Alternaria alternata,,,,,,,,,,,,,,,,,,,,,,,,,
,,Alternaria alternata,,,,,,,,,,,,,,,,,,,,,,,,,
,,Fusarium oxysporum,,,,,,,,,,,,,,,,,,,,,,,,,
,,Alternaria alternata,,,,,,,,,,,,,,,,,,,,,,,,,
,,Alternaria alternata,,,,,,,,,,,,,,,,,,,,,,,,,
,,Fusarium oxysporum,,,,,,,,,,,,,,,,,,,,,,,,,
,,Alternaria alternata,,,,,,,,,,,,,,,,,,,,,,,,,
,,Alternaria alternata,,,,,,,,,,,,,,,,,,,,,,,,,
,,Fusarium chlamydosporum,,,,,,,,,,,,,,,,,,,,,,,,,
,,Fusarium oxysporum,,,,,,,,,,,,,,,,,,,,,,,,,
,,Fusarium oxysporum,,,,,,,,,,,,,,,,,,,,,,,,,
,,Alternaria infectoria,,,,,,,,,,,,,,,,,,,,,,,,,
,,Alternaria alternata,,,,,,,,,,,,,,,,,,,,,,,,,
,,Alternaria alternata,,,,,,,,,,,,,,,,,,,,,,,,,
,,Alternaria alternata,,,,,,,,,,,,,,,,,,,,,,,,,
,,Fusarium,,,,,,,,,,,,,,,,,,,,,,,,,
,,mauvaise qualité mais Penicillium,,,,,,,,,,,,,,,,,,,,,,,,,
,,Alternaria alternata,,,,,,,,,,,,,,,,,,,,,,,,,
,,séquençage puis PCR pas marché,,,,,,,,,,,,,,,,,,,,,,,,,
,,séquençage puis PCR pas marché,,,,,,,,,,,,,,,,,,,,,,,,,
,,Alternaria alternata,,,,,,,,,,,,,,,,,,,,,,,,,
,,Fusarium oxysporum,,,,,,,,,,,,,,,,,,,,,,,,,
,,Fusarium chlamydosporum,,,,,,,,,,,,,,,,,,,,,,,,,
,,Alternaria alternata,,,,,,,,,,,,,,,,,,,,,,,,,
,,Fusarium oxysporum,,,,,,,,,,,,,,,,,,,,,,,,,
,,Alternaria alternata,,,,,,,,,,,,,,,,,,,,,,,,,
,,Fusarium graminearum,,,,,,,,,,,,,,,,,,,,,,,,,
,,Fusarium graminearum,,,,,,,,,,,,,,,,,,,,,,,,,
,,Alternaria alternata,,,,,,,,,,,,,,,,,,,,,,,,,
,,Alternaria alternata,,,,,,,,,,,,,,,,,,,,,,,,,
,,séquençage pas marché,,,,,,,,,,,,,,,,,,,,,,,,,
,,Fusarium oxysporum,,,,,,,,,,,,,,,,,,,,,,,,,
,,Fusarium,,,,,,,,,,,,,,,,,,,,,,,,,
,,Fusarium oxysporum,,,,,,,,,,,,,,,,,,,,,,,,,
,,,,,,,,,,,,,,,,,,,,,,,,,,,
,,,,,,,,,,,,,,,,,,,,,,,,,,,
,,Alternaria alternata,,,,,,,,,,,,,,,,,,,,,,,,,
,,Alternaria alternata,,,,,,,,,,,,,,,,,,,,,,,,,
,,Fusarium chlamydosporum,,,,,,,,,,,,,,,,,,,,,,,,,
,,Alternaria alternata,,,,,,,,,,,,,,,,,,,,,,,,,
,,Alternaria alternata,,,,,,,,,,,,,,,,,,,,,,,,,
,,Alternaria alternata,,,,,,,,,,,,,,,,,,,,,,,,,
,,Alternaria alternata,,,,,,,,,,,,,,,,,,,,,,,,,
,,Alternaria alternata,,,,,,,,,,,,,,,,,,,,,,,,,
,,Alternaria alternata,,,,,,,,,,,,,,,,,,,,,,,,,
,,Alternaria alternata,,,,,,,,,,,,,,,,,,,,,,,,,
,,Alternaria alternata,,,,,,,,,,,,,,,,,,,,,,,,,
,,Alternaria alternata,,,,,,,,,,,,,,,,,,,,,,,,,
,,Alternaria alternata,,,,,,,,,,,,,,,,,,,,,,,,,
,,Alternaria alternata,,,,,,,,,,,,,,,,,,,,,,,,,
,,Epicoccum,,,,,,,,,,,,,,,,,,,,,,,,,
,,Alternaria alternata,,,,,,,,,,,,,,,,,,,,,,,,,
,,Fusarium oxysporum,,,,,,,,,,,,,,,,,,,,,,,,,
,,Alternaria alternata,,,,,,,,,,,,,,,,,,,,,,,,,
,,Fusarium graminearum,,,,,,,,,,,,,,,,,,,,,,,,,
,,Alternaria alternata,,,,,,,,,,,,,,,,,,,,,,,,,
,,Fusarium graminearum,,,,,,,,,,,,,,,,,,,,,,,,,
,,Fusarium solani,,,,,,,,,,,,,,,,,,,,,,,,,
,,Fusarium solani,,,,,,,,,,,,,,,,,,,,,,,,,
,,Fusarium solani,,,,,,,,,,,,,,,,,,,,,,,,,
,,Alternaria alternata,,,,,,,,,,,,,,,,,,,,,,,,,
,,Alternaria alternata,,,,,,,,,,,,,,,,,,,,,,,,,
,,Alternaria alternata,,,,,,,,,,,,,,,,,,,,,,,,,
,,Fusarium chlamydosporum,,,,,,,,,,,,,,,,,,,,,,,,,
,,,,,,,,,,,,,,,,,,,,,,,,,,,
,,Alternaria alternata,,,,,,,,,,,,,,,,,,,,,,,,,
,,Alternaria alternata,,,,,,,,,,,,,,,,,,,,,,,,,
,,Alternaria alternata,,,,,,,,,,,,,,,,,,,,,,,,,
Filamenteux,Ascomycète,Acremonium,breve ,FungiSem,,,,,,,,,,,,,,,,,,,dessus_Acremonium_breve,micro_Acremonium_breve,dessus_Acremonium_breve,dessous_Acremonium_breve,micro_Acremonium_breve
Filamenteux,Ascomycète,Alternaria,alternata,FungiSem,Brun/noir,Non,régulier,dense,Non,Non,Non,Non,Oui,Oui,Libre,Foncée,Dictyospore,3-7,Terminale,Groupée en chainette,,,dessus_Alternaria_alternata,conidies_Alternaria_alternata,dessus_Alternaria_alternata,dessous_Alternaria_alternata,conidies_Alternaria_alternata
Filamenteux,Ascomycète,Alternaria,brassicae,FungiSem,Brun/noir,Non,régulier,dense,Non,Non,Non,Non,Oui,Oui,Libre,Foncée,Dictyospore,3-7,Terminale,Groupée en chainette,,,dessus_Alternaria_alternata,conidies_Alternaria_alternata,,,micro_Alternaria_brassicae
Filamenteux,Ascomycète,Alternaria,brassicicola,FungiSem,Brun/noir,Non,régulier,dense,Non,Non,Non,Non,Oui,Oui,Libre,Foncée,Dictyospore,3-7,Terminale,Groupée en chainette,,,dessus_Alternaria_alternata,conidies_Alternaria_alternata,dessus_Alternaria_brassicicola,,conidies_Alternaria_brassicicola
Filamenteux,Ascomycète,Alternaria,chico,FungiSem,Brun/noir,Non,régulier,dense,Non,Non,Non,Non,Oui,Oui,Libre,Foncée,Dictyospore,3-7,Terminale,Groupée en chainette,,,dessus_Alternaria_alternata,conidies_Alternaria_alternata,dessus_Alternaria_chico,dessous_Alternaria_chico,
Filamenteux,Ascomycète,Alternaria,citri,FungiSem,Brun/noir,Non,régulier,dense,Non,Non,Non,Non,Oui,Oui,Libre,Foncée,Dictyospore,3-7,Terminale,Groupée en chainette,,,dessus_Alternaria_alternata,conidies_Alternaria_alternata,dessus_Alternaria_citri,,micro_Alternaria_citri
Filamenteux,Ascomycète,Alternaria,consortialis,GEVES,Brun/noir,Non,régulier,dense,Non,Non,Non,Non,Oui,Oui,Libre,Foncée,Dictyospore,3-7,Terminale,Groupée en chainette,,,dessus_Alternaria_alternata,conidies_Alternaria_alternata,,,micro_Alternaria_consortialis
Filamenteux,Ascomycète,Alternaria,crassa,FungiSem,Blanc/gris,Non,régulier,dense,Non,Non,Non,Non,Oui,Oui,Libre,Foncée,Dictyospore,3-7,Terminale,Groupée en chainette,,,dessus_Alternaria_alternata,conidies_Alternaria_alternata,dessus_Alternaria_crassa,dessous_Alternaria_crassa,micro_Alternaria_crassa
Filamenteux,Ascomycète,Alternaria,cucumerina,GEVES,Brun/noir,Non,régulier,dense,Non,Non,Non,Non,Oui,Oui,Libre,Foncée,Dictyospore,3-7,Terminale,Groupée en chainette,,,dessus_Alternaria_alternata,conidies_Alternaria_alternata,dessus_Alternaria_cucumerina,,
Filamenteux,Ascomycète,Alternaria,dauci,FungiSem,Brun/noir,Non,irrégulier,dense,Non,Non,Non,Non,Oui,Oui,Libre,Foncée,Dictyospore,3-7,Terminale,Groupée en chainette,,,dessus_Alternaria_alternata,conidies_Alternaria_alternata,dessus_Alternaria_dauci,,micro_Alternaria_dauci
Filamenteux,Ascomycète,Alternaria,ethzedia,FungiSem,Blanc/gris,Oui,régulier,dense,Non,Non,Non,Non,Oui,Oui,Libre,Foncée,Dictyospore,3-7,Terminale,Groupée en chainette,,,dessus_Alternaria_alternata,conidies_Alternaria_alternata,dessus_Alternaria_ethzedia,dessous_Alternaria_ethzedia,micro_Alternaria_ethzedia
Filamenteux,Ascomycète,Alternaria,grandis,FungiSem,Brun/noir,Non,régulier,dense,Non,Non,Non,Non,Oui,Oui,Libre,Foncée,Dictyospore,3-7,Terminale,Groupée en chainette,,,dessus_Alternaria_alternata,conidies_Alternaria_alternata,dessus_Alternaria_grandis,dessous_Alternaria_grandis,micro_Alternaria_grandis
Filamenteux,Ascomycète,Alternaria,helianthi,GEVES,Brun/noir,Non,régulier,dense,Non,Non,Non,Non,Oui,Oui,Libre,Foncée,Dictyospore,3-7,Terminale,Groupée en chainette,,,dessus_Alternaria_alternata,conidies_Alternaria_alternata,dessus_Alternaria_helianthi,,micro_Alternaria_helianthi
Filamenteux,Ascomycète,Alternaria,infectoria,FungiSem,Blanc/gris,Non,régulier,dense,Non,Non,Non,Non,Oui,Oui,Libre,Foncée,Dictyospore,3-7,Terminale,Groupée en chainette,,,dessus_Alternaria_alternata,conidies_Alternaria_alternata,dessus_Alternaria_infectoria,dessous_Alternaria_infectoria,
Filamenteux,Ascomycète,Alternaria,japonica,FungiSem,Brun/noir,Non,régulier,dense,Non,Non,Non,Non,Oui,Oui,Libre,Foncée,Dictyospore,3-7,Terminale,Groupée en chainette,,,dessus_Alternaria_alternata,conidies_Alternaria_alternata,dessus_Alternaria_japonica,,micro_Alternaria_japonia
Filamenteux,Ascomycète,Alternaria,linicola,FungiSem,Brun/noir,Non,régulier,dense,Non,Non,Non,Non,Oui,Oui,Libre,Foncée,Dictyospore,3-7,Terminale,Groupée en chainette,,,dessus_Alternaria_alternata,conidies_Alternaria_alternata,dessus_Alternaria_linicola,,micro_Alternaria_linicola
Filamenteux,Ascomycète,Alternaria,longipes,FungiSem,Brun/noir,Non,régulier,dense,Non,Non,Non,Non,Oui,Oui,Libre,Foncée,Dictyospore,3-7,Terminale,Groupée en chainette,,,dessus_Alternaria_alternata,conidies_Alternaria_alternata,,,
Filamenteux,Ascomycète,Alternaria,padwickii,FungiSem,Brun/noir,Non,régulier,dense,Non,Non,Non,Non,Oui,Oui,Libre,Foncée,Dictyospore,3-7,Terminale,Groupée en chainette,,,dessus_Alternaria_alternata,conidies_Alternaria_alternata,dessus_Alternaria_padwickii,,bino_Alternaria_padwickii
Filamenteux,Ascomycète,Alternaria,petroselini,FungiSem,Brun/noir,Non,régulier,dense,Non,Non,Non,Non,Oui,Oui,Libre,Foncée,Dictyospore,3-7,Terminale,Groupée en chainette,,,dessus_Alternaria_alternata,conidies_Alternaria_alternata,dessus_Alternaria_petroselini,dessous_Alternaria_petroselini,micro_Alternaria_petroselini
Filamenteux,Ascomycète,Alternaria,porri,FungiSem,Blanc/gris,Oui,régulier,dense,Non,Non,Non,Non,Oui,Oui,Libre,Foncée,Dictyospore,3-7,Terminale,Groupée en chainette,,,dessus_Alternaria_alternata,conidies_Alternaria_alternata,dessus_Alternaria_porri,dessous_Alternaria_porri,
Filamenteux,Ascomycète,Alternaria,radicina,FungiSem,Brun/noir,Non,régulier,dense,Non,Non,Non,Non,Oui,Oui,Libre,Foncée,Dictyospore,3-7,Terminale,Groupée en chainette,,,dessus_Alternaria_alternata,conidies_Alternaria_alternata,dessus_Alternaria_radicina,,micro_Alternaria_radicina
Filamenteux,Ascomycète,Alternaria,rosae,FungiSem,Brun/noir,Non,régulier,dense,Non,Non,Non,Non,Oui,Oui,Libre,Foncée,Dictyospore,3-7,Terminale,Groupée en chainette,,,dessus_Alternaria_alternata,conidies_Alternaria_alternata,dessus_Alternaria_rosae,dessous_Alternaria_rosae,
Filamenteux,Ascomycète,Alternaria,solani,FungiSem,Blanc/gris,Non,régulier,dense,Non,Non,Non,Non,Oui,Oui,Libre,Foncée,Dictyospore,3-7,Terminale,Groupée en chainette,,,dessus_Alternaria_alternata,conidies_Alternaria_alternata,dessus_Alternaria_solani,dessous_Alternaria_solani,
Filamenteux,Ascomycète,Alternaria,tenuis,GEVES,Brun/noir,Non,régulier,dense,Non,Non,Non,Non,Oui,Oui,Libre,Foncée,Dictyospore,3-7,Terminale,Groupée en chainette,,,dessus_Alternaria_alternata,conidies_Alternaria_alternata,dessus_Alternaria_tenuis,dessous_Alternaria_tenuis,
Filamenteux,Ascomycète,Alternaria,tenuissima,FungiSem,Brun/noir,Non,régulier,dense,Non,Non,Non,Non,Oui,Oui,Libre,Foncée,Dictyospore,3-7,Terminale,Groupée en chainette,,,dessus_Alternaria_alternata,conidies_Alternaria_alternata,dessus_Alternaria_tenuissima,dessous_Alternaria_tenuissima,micro_Alternaria_tenuissima
Filamenteux,Ascomycète,Alternaria,tomatophilae,FungiSem,Blanc/gris,Non,régulier,dense,Non,Non,Non,Non,Oui,Oui,Libre,Foncée,Dictyospore,3-7,Terminale,Groupée en chainette,,,dessus_Alternaria_alternata,conidies_Alternaria_alternata,dessus_Alternaria_tomatophilae,dessous_Alternaria_tomatophilae,micro_Alternaria_tomatophilae
Filamenteux,Ascomycète,Alternaria,triticina,GEVES,Brun/noir,Non,régulier,dense,Non,Non,Non,Non,Oui,Oui,Libre,Foncée,Dictyospore,3-7,Terminale,Groupée en chainette,,,dessus_Alternaria_alternata,conidies_Alternaria_alternata,dessus_Alternaria_triticina,,micro_Alternaria_triticina
Filamenteux,Ascomycète,Aphanomyces , cochiades,GEVES,Brun/noir,Non,régulier,,,,,,,,,,,,,,,,dessus_Aphanomyces_cochiades,,dessus_Aphanomyces_cochiades,,
Filamenteux,Ascomycète,Ascochyta,pisi,FungiSem,Brun/noir,Non,,,,,,,régulier,,,,,,,,,,dessus_Ascochyta_pisi,,dessus_Ascochyta_pisi,,
Filamenteux,Ascomycète,Aspergillus,niger,FungiSem,Blanc/jaune,Non,régulier,,,,,,,,,,,,,,,,dessus_Aspergillus_niger,micro_Aspergillus_terreus,dessus_Aspergillus_niger,,bino_Aspergillus_niger
Filamenteux,Ascomycète,Aspergillus,terreus,FungiSem,Blanc/gris,Oui,régulier,,,,,,,,,,,,,,,,dessus_Aspergillus_niger,micro_Aspergillus_terreus,dessus_Aspergillus_terreus,,micro_Aspergillus_terreus
Filamenteux,Ascomycète,Beauveria ,bassiana,FungiSem,Brun/noir,Non,,,,,,,,,,,,,,,,,dessus_Beauvaria_bassiana,micro_Beauvaria_bassiana,dessus_Beauvaria_bassiana,dessous_Beauvaria_bassiana,micro_Beauvaria_bassiana
Filamenteux,Ascomycète,Boeremia,strasseri,FungiSem,Blanc/gris,Non,,,,,,,,,,,,,,,,,dessus_Boeremia_strasseri,,dessus_Boeremia_strasseri,dessous_Boeremia_strasseri,
Filamenteux,Ascomycète,Boeremia,exigua,FungiSem,Blanc/gris,Non,,,,,,,,,,,,,,,,,dessus_Boeremia_strasseri,,dessus_Boeremia_exigua,dessous_Boeremia_exigua,
Filamenteux,Ascomycète,Botryosphaeria,obtusa,FungiSem,Blanc/gris,Non,,,,,,,,,,,,,,,,,dessus_Botryosphaeria_obtusa,,dessus_Botryosphaeria_obtusa,dessous_Botryosphaeria_obtusa,
Filamenteux,Ascomycète,Botrytis,Aclada,GEVES,Blanc/gris,Non,,,,Non,Non,Non,Oui,Oui,Libre,Claire ,Amérospore ,1,,Groupée en bouquet,,,dessus_Botrytis_cinerea,micro2_Botrytis_cinerea,dessus_Botrytis_aclada,,
Filamenteux,Ascomycète,Botrytis,Allii,GEVES,Blanc/gris,Non,,,,Non,Non,Non,Oui,Oui,Libre,Claire ,Amérospore ,1,,Groupée en bouquet,,,dessus_Botrytis_cinerea,micro2_Botrytis_cinerea,dessus_Botrytis_allii,,micro_Botrytis_allii
Filamenteux,Ascomycète,Botrytis,Byssoidea,GEVES,Blanc/gris,Non,,,,Non,Non,Non,Oui,Oui,Libre,Claire ,Amérospore ,1,,Groupée en bouquet,,,dessus_Botrytis_cinerea,micro2_Botrytis_cinerea,dessus_Botrytis_byssoidea,,
Filamenteux,Ascomycète,Botrytis,fabae,GEVES,Blanc/gris,Non,,,,Sclérote,Non,Non,Oui,Oui,Libre,Claire ,Amérospore ,1,,Groupée en bouquet,,,dessus_Botrytis_cinerea,micro2_Botrytis_cinerea,dessus_Botrytis_fabae,,micro_Botrytis_fabae
Filamenteux,Ascomycète,Botrytis,squamosa,GEVES,Blanc/gris,Non,,,,Sclérote,Non,Non,Oui,Oui,Libre,Claire ,Amérospore ,1,,Groupée en bouquet,,,dessus_Botrytis_cinerea,micro2_Botrytis_cinerea,,,micro_Botrytis_squamosa
Filamenteux,Ascomycète,Botrytis,cinerea,FungiSem,Blanc/gris,Non,régulier,dense,Non,Sclérote,,Non,Oui,Oui,Libre,Claire ,Amérospore ,1,,Groupée en bouquet,,,dessus_Botrytis_cinerea,micro2_Botrytis_cinerea,dessus_Botrytis_cinerea,,micro_Botrytis_cinerea
Levuroïde,,Candida ,albicans,FungiSem,,,,,,,,,,,,,,,,,Blanc,Circulaire,dessus_Candida_albicans,micro_Candida_albicans,dessus_Candida_albicans,dessous_Candida_albicans,micro_Candida_albicans
Filamenteux,Ascomycète,Cephalosporium,maydis,GEVES,Blanc/gris,,,,,,,,,,,,,,,,,,dessus_Cephalosporium_maydis,,dessus_Cephalosporium_maydis,,
Filamenteux,Ascomycète,Ceratobasidium,cereale,FungiSem,Blanc/gris,Non,,,,,,,,,,,,,,,,,dessus_Ceratobasidium_cereale ,,dessus_Ceratobasidium_cereale ,dessous_Ceratobasidium_cereale,
Filamenteux,Ascomycète,Cladosporium,cladosporioides ,FungiSem,Brun/noir,Non,,,,,,,,,,,Amérospore ,1,,,,,dessus_cladosporium_sp,micro_Cladosporium_cladosporioides,dessus_Cladosporium_cladosporioides,dessous_Cladosporium_cladosporioides,micro_Cladosporium_cladosporioides
Filamenteux,Ascomycète,Cladosporium,parahalotolerans,GEVES,Brun/noir,Oui,,,,,,,,,,,Amérospore ,1,,,,,dessus_cladosporium_sp,micro_Cladosporium_parahalotolerans,dessus_Cladosporium_parahalotolerans,,micro_Cladosporium_parahalotolerans
Filamenteux,Ascomycète,Clonostachys,rosea,FungiSem,Blanc/gris,Non,,,,,,,,,,,,,,,,,dessus_Clonostachys_rosea,micro_Clonostachys_rosea,dessus_Clonostachys_rosea,,micro_Clonostachys_rosea
Filamenteux,Ascomycète,Colletotrichum,lindemuthianum,GEVES,Brun/noir,,,,,,,,,,,,,,,,,,,,,,
Filamenteux,Ascomycète,Colletotrichum,gloeosporioides,GEVES,Blanc/gris,,,,,,,,,,,,,,,,,,dessus_Colletotrichum_dematium,micro_Colletotrichum_lini,dessus_Colletotrichum_gloeosporioides,,micro_Colletotrichum_gloeosporioïdes
Filamenteux,Ascomycète,Colletotrichum,lini,GEVES,Blanc/jaune,,,,,,,,,,,,,,,,,,dessus_Colletotrichum_dematium,micro_Colletotrichum_lini,dessus_Colletotrichum_lini,,micro_Colletotrichum_lini
Filamenteux,Ascomycète,Colletotrichum,lindemuthianum,GEVES,Brun/noir,,,,,,,,,,,,,,,,,,dessus_Colletotrichum_dematium,micro_Colletotrichum_lini,dessus_Colletotrichum_lindemuthianum,dessous_Colletotrichum_lindemuthianum,micro_Colletotrichum_lindemuthianum
Filamenteux,Ascomycète,Colletotrichum,dematium,GEVES,Brun/noir,,,,,,,,,,,,,,,,,,dessus_Colletotrichum_dematium,micro_Colletotrichum_lini,dessus_Colletotrichum_dematium,,micro_Colletotrichum _dematium
Filamenteux,Ascomycète,Colletotrichum,lupini,GEVES,Blanc/gris,,,,,,,,,,,,,,,,,,dessus_Colletotrichum_dematium,micro_Colletotrichum_lini,dessus_Colletotrichum_lupini,,
Filamenteux,Ascomycète,Colletotrichum,graminicola,GEVES,Brun/noir,,,,,,,,,,,,,,,,,,dessus_Colletotrichum_dematium,micro_Colletotrichum_lini,dessus_Colletotrichum_graminicola,,
Filamenteux,Ascomycète,Colletotrichum,coccodes,GEVES,Brun/noir,,,,,,,,,,,,,,,,,,dessus_Colletotrichum_dematium,micro_Colletotrichum_lini,dessus_Colletotrichum_coccodes,,micro_Colletotrichum_cocodes
Filamenteux,Ascomycète,Colletotrichum,orbiculare,GEVES,Brun/noir,,,,,,,,,,,,,,,,,,dessus_Colletotrichum_dematium,micro_Colletotrichum_lini,dessus_Colletotrichum_orbiculare,,
Filamenteux,Ascomycète,Coniothyrium,minitans,GEVES,Brun/noir,,,,,,,,,,,,,,,,,,dessus_Coniothyrium_minitans,micro_Coniothyrium_minitans,dessus_Coniothyrium_minitans,,micro_Coniothyrium_minitans
Filamenteux,Ascomycète,Curvularia,lunata,FungiSem,Blanc/gris,,,,,,,,,,,,,,,,,,dessus_Curvularia_lunata,micro_Curvularia_lunata,dessus_Curvularia_lunata,dessous_Curvularia_lunata,micro_Curvularia_lunata
Levuroïde,,Cystofilobasidium,macerans,FungiSem,,,,,,,,,,,,,,,,,Rose,Ovoïde,dessus_Cystofilobasidium_macerans,micro_Cystofilobasidium_macerans,dessus_Cystofilobasidium_macerans,dessous_Cystofilobasidium_macerans,micro_Cystofilobasidium_macerans
Filamenteux,Ascomycète,Diaporthe,phaseolorum,FungiSem,Blanc/gris,,,,,,,,,,,,,,,,,,dessus_Diaporthe_angelicae,Peritheces_Diaporthe_phaseolorum,dessus_Diaporthe_phaseolorum ,,Peritheces_Diaporthe_phaseolorum
Filamenteux,Ascomycète,Diaporthe,foeniculina,FungiSem,Blanc/gris,,,,,,,,,,,,,,,,,,dessus_Diaporthe_angelicae,Peritheces_Diaporthe_phaseolorum,dessus_Diaporthe_foeniculina,,micro1_Diaporthe_foeniculina
Filamenteux,Ascomycète,Diaporthe,melonis,GEVES,Blanc/gris,,,,,,,,,,,,,,,,,,dessus_Diaporthe_angelicae,Peritheces_Diaporthe_phaseolorum,dessus_Diaporthe_melonis,,micro_Diaporthe_melonis
Filamenteux,Ascomycète,Diaporthe,angelicae,GEVES,Brun/noir,,,,,,,,,,,,,,,,,,dessus_Diaporthe_angelicae,Peritheces_Diaporthe_phaseolorum,dessus_Diaporthe_angelicae,,pycnides_Diaporthe_angelicae
Filamenteux,Ascomycète,Diaporthe,helianthi,GEVES,Blanc/gris,,,,,,,,,,,,,,,,,,dessus_Diaporthe_angelicae,Peritheces_Diaporthe_phaseolorum,dessus_Diaporthe_helianthi,,
Filamenteux,Ascomycète,Diaporthe,baccae,FungiSem,Brun/noir,,,,,,,,,,,,,,,,,,dessus_Diaporthe_angelicae,Peritheces_Diaporthe_phaseolorum,dessus_Diaporthe_baccae,,micro_Diaporthe_baccae
Filamenteux,Ascomycète,Didymella,bryoniae,GEVES,Brun/noir,,,,,,,,,,,,,,,,,,dessus_Didymella_bryoniae,micro_Dydimella_bryoniae,dessus_Didymella_bryoniae,,micro_Dydimella_bryoniae
Filamenteux,Ascomycète,Diplodia,macrospora,GEVES,Blanc/gris,,,,,,,,,,,,,,,,,,dessus_Diplodia_macrospora,micro_Diplodia_macrospora,dessus_Diplodia_macrospora,,micro_Diplodia_macrospora
Filamenteux,Ascomycète,Diplodia,maydis,GEVES,Blanc/gris,,,,,,,,,,,,,,,,,,dessus_Diplodia_maydis,micro_Diplodia_macrospora,dessus_Diplodia_maydis,,micro_Diplodia_maydis
Filamenteux,Ascomycète,Epicoccum ,nigrum,FungiSem,Brun/noir,Oui,régulier,dense,Non,Non,Non,Non,Oui,Oui,Libre,Foncée,Dictyospore,3-7,Terminale,Solitaire,,,dessus_Epicoccum_nigrum,micro2_Epicoccum_nigrum,dessus_Epicoccum_nigrum,dessous_Epicoccum_nigrum,micro_Epicoccum_nigrum
Filamenteux,Ascomycète,Exophiala,oligosperma,FungiSem,Brun/noir,Non,régulier,dense,Non,Non,Non,Non,Oui,Oui,Libre,Foncée,Dictyospore,3-7,Terminale,Solitaire,,,dessus_Exophiala_oligosperma,micro_Exophiala_oligosperma,dessus_Exophiala_oligosperma,dessous_Exophiala_oligosperma,micro_Exophiala_oligosperma
Filamenteux,Ascomycète,Fusarium,avenaceum,FungiSem,Blanc/rose,Non,régulier,dense,Oui,Non,Non,Non,Oui,Oui,Libre,Claire ,Phragmospore,3-7,Terminale,Solitaire,,,dessus_Fusarium_graminearum,conidies_Fusarium_graminearum,dessus_Fusarium_avenaceum,,conidies_Fusarium_avenaceum
Filamenteux,Ascomycète,Fusarium,graminearum,FungiSem,Blanc/rose,Non,régulier,dense,Oui,Non,Non,Non,Oui,Oui,Libre,Claire ,Phragmospore,3-7,Terminale,Solitaire,,,dessus_Fusarium_graminearum,conidies_Fusarium_graminearum,dessus_Fusarium_graminearum,,conidies_Fusarium_graminearum
Filamenteux,Ascomycète,Fusarium,tricinctum,FungiSem,Blanc/rose,Oui,régulier,dense,Oui,Non,Non,Non,Oui,Oui,Libre,Claire ,Phragmospore,3-7,Terminale,Solitaire,,,dessus_Fusarium_graminearum,conidies_Fusarium_graminearum,dessus_Fusarium_tricinctum,dessous_Fusarium_tricinctum,micro_Fusarium_tricinctum
Filamenteux,Ascomycète,Fusarium,crookwellense,GEVES,Blanc/rose,Oui,régulier,dense,Oui,Non,Non,Non,Oui,Oui,Libre,Claire ,Phragmospore,3-7,Terminale,Solitaire,,,dessus_Fusarium_graminearum,conidies_Fusarium_graminearum,dessus_Fusarium_crookwellense,dessous_Fusarium_crookwellense,
Filamenteux,Ascomycète,Fusarium,arthrosporïoides,FungiSem,Blanc/rose,Non,régulier,dense,Oui,Non,Non,Non,Oui,Oui,Libre,Claire ,Phragmospore,3-7,Terminale,Solitaire,,,dessus_Fusarium_graminearum,conidies_Fusarium_graminearum,dessus_Fusarium_arhtrosporioides,,micro_Fusarium_arhtrosporioides
Filamenteux,Ascomycète,Fusarium,equiseti,FungiSem,Blanc/rose,Non,régulier,dense,Oui,Non,Non,Non,Oui,Oui,Libre,Claire ,Phragmospore,3-7,Terminale,Solitaire,,,dessus_Fusarium_graminearum,conidies_Fusarium_graminearum,dessus_Fusarium_equiseti,micro_Fusarium_equiseti,
Filamenteux,Ascomycète,Fusarium,culmorum,FungiSem,Blanc/rose,Oui,régulier,dense,Oui,Non,Non,Non,Oui,Oui,Libre,Claire ,Phragmospore,3-7,Terminale,Solitaire,,,dessus_Fusarium_graminearum,conidies_Fusarium_graminearum,dessus_Fusarium_culmorum,dessous_Fusarium_culmorum,micro_Fusarium_culmorum
Filamenteux,Ascomycète,Fusarium,graminearum,FungiSem,Blanc/rose,Non,régulier,dense,Oui,Non,Non,Non,Oui,Oui,Libre,Claire ,Phragmospore,3-7,Terminale,Solitaire,,,dessus_Fusarium_graminearum,conidies_Fusarium_graminearum,dessus_Fusarium_graminearum,conidies_Fusarium_graminearum,
Filamenteux,Ascomycète,Fusarium,sambucinum,FungiSem,Blanc/rose,Oui,régulier,dense,Oui,Non,Non,Non,Oui,Oui,Libre,Claire ,Phragmospore,3-7,Terminale,Solitaire,,,dessus_Fusarium_graminearum,conidies_Fusarium_graminearum,dessus_Fusarium_sambucinum,dessous_Fusarium_sambucinum,micro_Fusarium_sambucinum
Filamenteux,Ascomycète,Fusarium,moniliforme,FungiSem,Blanc/rose,Non,régulier,dense,Oui,Non,Non,Non,Oui,Oui,Libre,Claire ,Phragmospore,3-7,Terminale,Solitaire,,,dessus_Fusarium_graminearum,conidies_Fusarium_graminearum,dessus_Fusarium_moniliforme,,micro_Fusarium_moniliforme
Filamenteux,Ascomycète,Fusarium,sporotrichoïdes,GEVES,Blanc/rose,Non,irrégulier,dense,Oui,Non,Non,Non,Oui,Oui,Libre,Claire ,Phragmospore,3-7,Terminale,Solitaire,,,dessus_Fusarium_graminearum,conidies_Fusarium_graminearum,dessus_Fusarium_sporotrichoïdes,,micro_Fusarium_sporotrichoïdes
Filamenteux,Ascomycète,Fusarium,acuminatum,GEVES,Orange,Non,régulier,dense,Oui,Non,Non,Non,Oui,Oui,Libre,Claire ,Phragmospore,3-7,Terminale,Solitaire,,,dessus_Fusarium_graminearum,conidies_Fusarium_graminearum,dessus_Fusarium_acuminatum,,
Filamenteux,Ascomycète,Fusarium,avenaceum,GEVES,Orange,Non,régulier,dense,Oui,Non,Non,Non,Oui,Oui,Libre,Claire ,Phragmospore,3-7,Terminale,Solitaire,,,dessus_Fusarium_graminearum,conidies_Fusarium_graminearum,dessus_Fusarium_avenaceum,,micro_Fusarium_avenaceum
Filamenteux,Ascomycète,Fusarium,chlamydosporum,GEVES,Blanc/rose,Non,régulier,dense,Oui,Non,Non,Non,Oui,Oui,Libre,Claire ,Phragmospore,3-7,Terminale,Solitaire,,,dessus_Fusarium_graminearum,conidies_Fusarium_graminearum,dessus_Fusarium_chlamydosporum,,
Filamenteux,Ascomycète,Fusarium,solani,GEVES,Brun/noir,Non,régulier,dense,Oui,Non,Non,Non,Oui,Oui,Libre,Claire ,Phragmospore,3-7,Terminale,Solitaire,,,dessus_Fusarium_graminearum,conidies_Fusarium_graminearum,dessus_Fusarium_solani,,micro_Fusarium_solani
Filamenteux,Ascomycète,Fusarium,oxysporum,GEVES,Blanc/rose,Non,régulier,dense,Oui,Non,Non,Non,Oui,Oui,Libre,Claire ,Phragmospore,3-7,Terminale,Solitaire,,,dessus_Fusarium_graminearum,conidies_Fusarium_graminearum,dessus_Fusarium_oxysporum,,micro_Fusarium_oxysporum
Filamenteux,Ascomycète,Fusarium,redolens,FungiSem,Blanc/rose,Non,régulier,dense,Oui,Non,Non,Non,Oui,Oui,Libre,Claire ,Phragmospore,3-7,Terminale,Solitaire,,,dessus_Fusarium_graminearum,conidies_Fusarium_graminearum,,,micro_Fusarium_redolens
Filamenteux,Ascomycète,Fusarium,poae,GEVES,Blanc/rose,Non,régulier,dense,Oui,Non,Non,Non,Oui,Oui,Libre,Claire ,Phragmospore,3-7,Terminale,Solitaire,,,dessus_Fusarium_graminearum,conidies_Fusarium_graminearum,dessus_Fusarium_poae,,micro_Fusarium_poae
Filamenteux,Ascomycète,Fusarium,scirpi,GEVES,Blanc/rose,Non,régulier,dense,Oui,Non,Non,Non,Oui,Oui,Libre,Claire ,Phragmospore,3-7,Terminale,Solitaire,,,dessus_Fusarium_graminearum,conidies_Fusarium_graminearum,dessus_Fusarium_scirpi,,
Filamenteux,Ascomycète,Fusarium,proliferatum,GEVES,Blanc/rose,Non,régulier,dense,Oui,Non,Non,Non,Oui,Oui,Libre,Claire ,Phragmospore,3-7,Terminale,Solitaire,,,dessus_Fusarium_graminearum,conidies_Fusarium_graminearum,dessus_Fusarium_proliferatum,,
Filamenteux,Ascomycète,Fusarium,cerealis,GEVES,Blanc/rose,Non,régulier,dense,Oui,Non,Non,Non,Oui,Oui,Libre,Claire ,Phragmospore,3-7,Terminale,Solitaire,,,dessus_Fusarium_graminearum,conidies_Fusarium_graminearum,dessus_Fusarium_cerealis,,micro_Fusarium_cerealis
Filamenteux,Ascomycète,Fusarium,anthophilum,GEVES,Blanc/rose,Non,régulier,dense,Oui,Non,Non,Non,Oui,Oui,Libre,Claire ,Phragmospore,3-7,Terminale,Solitaire,,,dessus_Fusarium_graminearum,conidies_Fusarium_graminearum,dessus_Fusarium_anthophilum,,
Filamenteux,Ascomycète,Fusarium,langsethiae,GEVES,Blanc/rose,Non,régulier,dense,Oui,Non,Non,Non,Oui,Oui,Libre,Claire ,Phragmospore,3-7,Terminale,Solitaire,,,dessus_Fusarium_graminearum,conidies_Fusarium_graminearum,dessus_Fusarium_langsethiae,,micro_Fusarium_langsethiae
Filamenteux,Ascomycète,Fusarium,semitectum,GEVES,Blanc/rose,Non,régulier,dense,Oui,Non,Non,Non,Oui,Oui,Libre,Claire ,Phragmospore,3-7,Terminale,Solitaire,,,dessus_Fusarium_graminearum,conidies_Fusarium_graminearum,dessus_Fusarium_semitectum,,micro_Fusarium_semitectum
Filamenteux,Ascomycète,Geotrichum,sp.,GEVES,Blanc/gris,,,,,,,,,,,,,,,,,,dessus_Geotrichum_sp.,,dessus_Geotrichum_sp.,,
Filamenteux,Ascomycète,Helminthosporium,carbonum,GEVES,Brun/noir,Non,irregulier,dense,Oui,Non,Non,Non,Oui,Oui,Libre,Foncée,Phragmospore,3-7,Terminale,Solitaire,,,dessus_Helminthosporium_carbonum,conidies_Helminthosporium_carbonum,dessus_Helminthosporium_carbonum,,conidies_Helminthosporium_carbonum
Filamenteux,Ascomycète,Helminthosporium,siccano,FungiSem,Brun/noir,Non,régulier,dense,Oui,Non,Non,Non,Oui,Oui,Libre,Foncée,Phragmospore,3-7,Terminale,Solitaire,,,dessus_Helminthosporium_carbonum,conidies_Helminthosporium_carbonum,dessus_Helminthosporium_siccano,dessous_Helminthosporium_siccano,micro_Helminthosporium_siccano
Filamenteux,Ascomycète,Helminthosporium,oryzae,FungiSem,Brun/noir,Non,régulier,dense,Oui,Non,Non,Non,Oui,Oui,Libre,Foncée,Phragmospore,3-7,Terminale,Solitaire,,,dessus_Helminthosporium_carbonum,conidies_Helminthosporium_carbonum,dessus_Helminthosporium_oryzae,dessous_Helminthosporium_oryzae,micro_Helminthosporium_oryzae
Filamenteux,Ascomycète,Helminthosporium,papaveris,GEVES,Brun/noir,Non,irregulier,dense,Oui,Non,Non,Non,Oui,Oui,Libre,Foncée,Phragmospore,3-7,Terminale,Solitaire,,,dessus_Helminthosporium_carbonum,conidies_Helminthosporium_carbonum,dessus_Helminthosporium_papaveris,,micro_Helminthosporium_papaveris
Filamenteux,Ascomycète,Helminthosporium,gramineum,GEVES,,,,,,,,,Oui,Oui,Libre,Foncée,Phragmospore,3-7,Terminale,Solitaire,,,dessus_Helminthosporium_carbonum,conidies_Helminthosporium_carbonum,,,dessus_Helminthosporium_gramineum
Filamenteux,Ascomycète,Helminthosporium,maydis,GEVES,Brun/noir,Non,irregulier,dense,Oui,Non,Non,Non,Oui,Oui,Libre,Foncée,Phragmospore,3-7,Terminale,Solitaire,,,dessus_Helminthosporium_carbonum,conidies_Helminthosporium_carbonum,dessus_Helminthosporium_maydis,,
Filamenteux,Ascomycète,Helminthosporium,teres,GEVES,Brun/noir,Non,irregulier,dense,Oui,Non,Non,Non,Oui,Oui,Libre,Foncée,Phragmospore,3-7,Terminale,Solitaire,,,dessus_Helminthosporium_carbonum,conidies_Helminthosporium_carbonum,dessus_Helminthosporium_teres,,micro_Helminthosporium_teres
Filamenteux,Ascomycète,Helminthosporium,dictyoïdes,GEVES,Brun/noir,Non,régulier,dense,Oui,Non,Non,Non,Oui,Oui,Libre,Foncée,Phragmospore,3-7,Terminale,Solitaire,,,dessus_Helminthosporium_carbonum,conidies_Helminthosporium_carbonum,dessus_Helminthosporium_dictyoïdes,,
Filamenteux,Ascomycète,Helminthosporium,sativum,GEVES,,,,,,,,,Oui,Oui,Libre,Foncée,Phragmospore,3-7,Terminale,Solitaire,,,dessus_Helminthosporium_carbonum,conidies_Helminthosporium_carbonum,,,micro_Helminthosporium_sativum
Filamenteux,Ascomycète,Hymenoscyphus,sp.,FungiSem,Blanc/gris,Non,régulier,dense,Non,Non,Non,Non,,Oui,Libre,Foncée,Amérospore,1,,Groupée en bouquet,,,dessus_Hymenoscyphus_sp.,micro_Hymenoscyphus_sp.,dessus_Hymenoscyphus_sp.,dessous_Hymenoscyphus_sp.,micro_Hymenoscyphus_sp.
Filamenteux,Ascomycète,Lecanicillium,aphanocladii,FungiSem,Blanc/rose,Oui,régulier,dense,Non,Non,Non,Non,,Oui,,,,,,,,,dessus_Lecanicillium_aphanocladii,,dessus_Lecanicillium_aphanocladii,dessous_Lecanicillium_aphanocladii,
Filamenteux,Ascomycète,Leptosphaerulina,sp.,FungiSem,Blanc/gris,,,,,,,,,,,,,,,,,,dessus_Leptosphaerulina_sp.,,dessus_Leptosphaerulina_sp.,dessous_Leptosphaerulina_sp.,
,Basidiomycète,Leucosporidium,golubevii,FungiSem,,,,,,,,,,,,,,,,,Blanc/gris,,dessus_Leucosporidium_golubevii,micro_Leuosporidium_golubevii,dessus_Leucosporidium_golubevii,dessous_Leucosporidium_golubevii,micro_Leuosporidium_golubevii
Filamenteux,Ascomycète,Microdochium,majus,GEVES,Blanc/gris,Non,régulier,dense,Non,Ponctuation,Non,Non,Oui,Oui,Acervule,Claire ,Amérospore,1,,Solitaire,,,dessus_Microdochium_majus,conidies_Microdochium_majus,dessus_Microdochium_majus,,conidies_Microdochium_majus
Filamenteux,Ascomycète,Microdochium,nivale,GEVES,Blanc/gris,Non,régulier,dense,Non,Ponctuation,Non,Non,Oui,Oui,Acervule,Claire ,Amérospore,1,,Solitaire,,,dessus_Microdochium_majus,conidies_Microdochium_majus,dessus_Microdochium_nivale,,micro_Microdochium_nivale
Filamenteux,Ascomycète,Microphomina,phaseolina,GEVES,Brun/noir,,,,,,,,,,,,,,,,,,dessus_Microphomina_phaseolina,,dessus_Microphomina_phaseolina,,
Filamenteux,Ascomycète,Monilia,sp.,GEVES,Orange,,,,,,,,,,,,,,,,,,dessus_Monilia_sp.,,dessus_Monilia_sp.,,
,Zygomycète,Mucor,hiemalis,FungiSem,Blanc/gris,Non,,,,,,,,Oui,Sporange,Claire ,Amérospore,1,,,,,dessus_Mucor_hiemalis,micro_Mucor_irregularis,dessus_Mucor_hiemalis,dessous_Mucor_hiemalis,micro_Mucor_hiemalis
,Zygomycète,Mucor,irregularis,FungiSem,Blanc/gris,Non,,,,,,,,Oui,Sporange,Claire ,Amérospore,1,,,,,dessus_Mucor_hiemalis,micro_Mucor_irregularis,dessus_Mucor_irregularis,dessous_Mucor_irregularis,micro2_Mucor_irregularis
,Zygomycète,Mucor,fragilis,FungiSem,Blanc/gris,Non,,,,,,,,Oui,Sporange,Claire ,Amérospore,1,,,,,dessus_Mucor_hiemalis,micro_Mucor_irregularis,dessus_Mucor_fragilis,dessous_Mucor_fragilis,micro_mucor_fragilis
,Deuteromycète,Mycocentrospora,acerina,GEVES,Brun/noir,Non,,,,,,,,,,,,,,,,,dessus_Mycocentrospora_acerina,,dessus_Mycocentrospora_acerina,,
Filamenteux,Ascomycète,Mycosphaerella,pinodes,GEVES,Brun/noir,Oui,,,,,,,,,,,,,,,,,dessus_Mycosphaerella_pinodes,,dessus_Mycosphaerella_pinodes,,
Filamenteux,Ascomycète,Mycosphaerella (Zymoseptoria),graminicola (tritici),FungiSem,Brun/noir,Non,,,,,,,,,,,,,,,,,dessus_Mycosphaerella_pinodes,,dessus_Zymoseptoria_tritici,dessous_Zymoseptoria_tritici,micro_Zymospetoria_tritici
Filamenteux,Ascomycète,Mycosphaerella,coacervata,FungiSem,Brun/noir,Non,,,,,,,,,,,,,,,,,dessus_Mycosphaerella_pinodes,,dessus_Mycosphaerella_coacervata,dessous_Mycosphaerella_coacervata,
Filamenteux,Ascomycète,Neoaschochyta,cylindrispora,FungiSem,Blanc/gris,Non,,,,,,,,,,,,,,,,,dessus_Neoaschochyta_cylindrispora,micro_Neoaschochyta_cylindrispora,dessus_Neoaschochyta_cylindrispora,dessous_Neoaschochyta_cylindrispora,micro_Neoaschochyta_cylindrispora
Filamenteux,Ascomycète,Nigrospora,sp.,GEVES,Brun/noir,Non,,,,,,,,,,,,,,,,,dessus_Nigrospora_sp.,micro_Nigrospora_sp.,dessus_Nigrospora_sp.,,micro_Nigrospora_sp.
Filamenteux,Ascomycète,Ostracoderma,sp.,GEVES,Blanc/gris,Non,,,,,,,,,,,,,,,,,dessus_Ostracoderma_sp.,micro_Ostracoderma_sp.,dessus_Ostracoderma_sp.,,micro_Ostracoderma_sp.
Filamenteux,Ascomycète,Penicillium,ochrochloron,FungiSem,Brun/noir,Non,régulier,dense,Non,Non,Non,Non,Oui,Oui,Libre,Claire,Amérospore ,1,Terminale,Groupée en bouquet,,,dessus_Penicillium_commune,micro_Penicillium_cellarum,dessus_Penicillium_ochrochloron,dessous_Penicillium_ochrochloron,
Filamenteux,Ascomycète,Penicillium,olsonii,FungiSem,Bleu,Non,régulier,dense,Non,Non,Non,Non,Oui,Oui,Libre,Claire,Amérospore ,1,Terminale,Groupée en bouquet,,,dessus_Penicillium_commune,micro_Penicillium_cellarum,dessus_Penicillium_olsonii,dessous_Penicillium_olsonii,micro_Penicillium_olsonii
Filamenteux,Ascomycète,Penicillium,biourgeianum,FungiSem,Bleu,Non,régulier,dense,Non,Non,Non,Non,Oui,Oui,Libre,Claire,Amérospore ,1,Terminale,Groupée en bouquet,,,dessus_Penicillium_commune,micro_Penicillium_cellarum,dessus_Penicillium_biourgeianum,dessous_Penicillium_biourgeianum,micro_Penicillium_biourgeianum
Filamenteux,Ascomycète,Penicillium,brevicompactum,FungiSem,Bleu,Non,régulier,dense,Non,Non,Non,Non,Oui,Oui,Libre,Claire,Amérospore ,1,Terminale,Groupée en bouquet,,,dessus_Penicillium_commune,micro_Penicillium_cellarum,dessus_Penicillium_brevicompactum,dessous_Penicillium_brevicompactum,micro_Penicillium_brevicompactum
Filamenteux,Ascomycète,Penicillium,cellarum,FungiSem,Bleu,Non,régulier,dense,Non,Non,Non,Non,Oui,Oui,Libre,Claire,Amérospore ,1,Terminale,Groupée en bouquet,,,dessus_Penicillium_commune,micro_Penicillium_cellarum,dessus_Penicillium_cellarum,dessous_Penicillium_cellarum,micro_Penicillium_cellarum
Filamenteux,Ascomycète,Penicillium,citrinum,FungiSem,Blanc/gris,Non,régulier,dense,Non,Non,Non,Non,Oui,Oui,Libre,Claire,Amérospore ,1,Terminale,Groupée en bouquet,,,dessus_Penicillium_commune,micro_Penicillium_cellarum,dessus_Penicillium_citrinum,,
Filamenteux,Ascomycète,Penicillium,commune,FungiSem,Bleu,Non,régulier,dense,Non,Non,Non,Non,Oui,Oui,Libre,Claire,Amérospore ,1,Terminale,Groupée en bouquet,,,dessus_Penicillium_commune,micro_Penicillium_cellarum,dessus_Penicillium_commune,dessous_Penicillium_commune,micro_Penicillium_commune
Filamenteux,Ascomycète,Penicillium,crustosum,FungiSem,Bleu,Non,régulier,dense,Non,Non,Non,Non,Oui,Oui,Libre,Claire,Amérospore ,1,Terminale,Groupée en bouquet,,,dessus_Penicillium_commune,micro_Penicillium_cellarum,dessus_Penicillium_crustosum,dessous_Penicillium_crustosum,micro_Penicillium_crustosum
Filamenteux,Ascomycète,Penicillium,manginii,FungiSem,Blanc/gris,Oui,régulier,dense,Non,Non,Non,Non,Oui,Oui,Libre,Claire,Amérospore ,1,Terminale,Groupée en bouquet,,,dessus_Penicillium_commune,micro_Penicillium_cellarum,dessus_Penicillium_manginii,dessous_Penicillium_manginii,micro_Penicillium_manginii
Filamenteux,Ascomycète,Peniophora,lycii,FungiSem,Blanc/gris,Non,,,,,,,,,,,,,,,,,dessus_Peniophora_lycii,,dessus_Peniophora_lycii,dessous_Peniophora_lycii,
,Basidiomycète,Phlebia,tremellosa,FungiSem,Blanc/gris,Non,,,,,,,,,,,,,,,,,dessus_Phlebia_tremellosa,micro_Phlebia_tremellosa,dessus_Phlebia_tremellosa,,micro_Phlebia_tremellosa
Filamenteux,Ascomycète,Phoma,exigua,GEVES,Brun/noir,Non,régulier,dense,Non,Ponctuation,Non,Non,Oui,Oui,Pycnide,Claire ,Amérospore,1,,Solitaire,,,dessus_Phoma_exigua,conidies_Phoma_betae,dessus_Phoma_exigua,,micro_Phoma_exigua
Filamenteux,Ascomycète,Phoma,valerianellae,GEVES,Brun/noir,Non,régulier,dense,Non,Ponctuation,Non,Non,Oui,Oui,Pycnide,Claire ,Amérospore,1,,Solitaire,,,dessus_Phoma_exigua,conidies_Phoma_betae,dessus_Phoma_valerianellae,,micro_Phoma_valerianellae
Filamenteux,Ascomycète,Phoma,pinodella,GEVES,Brun/noir,Non,régulier,dense,Non,Ponctuation,Non,Non,Oui,Oui,Pycnide,Claire ,Amérospore,1,,Solitaire,,,dessus_Phoma_exigua,conidies_Phoma_betae,dessus_Phoma_pinodella,,
Filamenteux,Ascomycète,Phoma,betae,GEVES,Brun/noir,Non,régulier,dense,Non,Ponctuation,Non,Non,Oui,Oui,Pycnide,Claire ,Amérospore,1,,Solitaire,,,dessus_Phoma_exigua,conidies_Phoma_betae,,,
Filamenteux,Ascomycète,Phoma,lingam,GEVES,Brun/noir,Non,régulier,dense,Non,Ponctuation,Non,Non,Oui,Oui,Pycnide,Claire ,Amérospore,1,,Solitaire,,,dessus_Phoma_exigua,conidies_Phoma_betae,dessus_Phoma_lingam,,pycnides_Phoma_lingam
Filamenteux,Ascomycète,Phoma,hennebergii,GEVES,Brun/noir,Non,régulier,dense,Non,Ponctuation,Non,Non,Oui,Oui,Pycnide,Claire ,Amérospore,1,,Solitaire,,,dessus_Phoma_exigua,conidies_Phoma_betae,dessus_Phoma_hennebergii,,
Filamenteux,Ascomycète,Phoma ,betae,GEVES,Brun/noir,Non,régulier,dense,Non,Ponctuation,Non,Non,Oui,Oui,Pycnide,Claire ,Amérospore,1,,Solitaire,,,dessus_Phoma_exigua,conidies_Phoma_betae,dessus_Phoma_betae,,conidies_Phoma_betae
,Oomycètes,Phytophtora,infestans,GEVES,,Oui,,,,,,,,,,,,,,,,,dessus_Phytophtora_infestans,micro_Phytophtora_infestans,dessus_Phytophtora_infestans,,micro_Phytophtora_infestans
Filamenteux,Ascomycète,Pleiochaeta,sp.,GEVES,,,,,,,,,,,,,,,,,,,,dessus_Pleiochaeta_sp.,,,dessus_Pleiochaeta_sp.
Filamenteux,Ascomycète,Preussia,minima,FungiSem,Orange,Non,irrégulier,,,,,,,,,,,,,,,,dessus_Preussia_minima,micro_Preussia_minima,dessus_Preussia_minima,dessous_Preussia_minima,micro_Preussia_minima
,Oomycète,Pythium,myriotylum,GEVES,,,,,,,,,,,,,,,,,,,dessus_Pythium_myriotylum,micro2_Pythium_myriotylum,dessus_Pythium_myriotylum,,micro_Pythium_myriotylum
,Oomycète,Pythium,ultimum,FungiSem,,,,,,,,,,,,,,,,,,,dessus_Pythium_myriotylum,micro2_Pythium_myriotylum,dessus_Pythium_ultimum,,
,Oomycète,Pythium,torulosum,FungiSem,,,,,,,,,,,,,,,,,,,,,,,
,Basidiomycète,Rhizoctonia,solani,GEVES,Blanc/gris,Non,régulier,dense,Oui,Sclérote,Non,Non,Oui,Non,,,,,,,,,dessus_Rhizoctonia_solani,micro_Rhizoctonia_solani,dessus_Rhizoctonia_solani,,micro_Rhizoctonia_solani
,Zygomycète,Rhizopus,sp.,GEVES,,,,,,,,,,,,,,,,,,,dessus_Rhizopus_sp.,Rhizoides_Rhizopus_sp.,dessus_Rhizopus_sp.,,micro_Rhizopus_sp.
Levuroïde,,Rhodosporidiobolus,colostri,FungiSem,,,,,,Rhizoïdes,,,,,,,,,,,Rose,Ovoïde,dessus_Rhodosporidiobolus_colostri ,micro_Rhodosporidiobolus_colostri,dessus_Rhodosporidiobolus_colostri ,dessous_Rhodosporidiobolus_colostri ,micro_Rhodosporidiobolus_colostri
Filamenteux,Ascomycète,Sclerotinia,sclerotiorum,FungiSem,,,,,,,,,,,,,,,,,,,dessus_Sclerotinia_sclerotiorum,,dessus_Sclerotinia_sclerotiorum,dessous_Sclerotinia_sclerotiorum,
Filamenteux,Ascomycète,Sclerotinia,minor,GEVES,Blanc/gris,,,,,,,,,,,,,,,,,,dessus_Sclerotinia_minor,,dessus_Sclerotinia_minor,,
Filamenteux,Ascomycète,Sclerotinia,cepivorum,GEVES,Blanc/gris,,,,,,,,,,,,,,,,,,dessus_Sclerotinia_cepivorum,binoculaire_Sclerotinia_cepivorum,dessus_Sclerotinia_cepivorum,,binoculaire_Sclerotinia_cepivorum
Filamenteux,Ascomycète,Septoria,nodorum,GEVES,Blanc/gris,,,,,,,,,,,,,,,,,,dessus_Septoria_apiicola,micro_Septoria_nodorum ,,,micro_Septoria_nodorum
Filamenteux,Ascomycète,Septoria,apiicola,GEVES,Blanc/gris,,,,,,,,,,,,,,,,,,dessus_Septoria_apiicola,micro_Septoria_apiicola,dessus_Septoria_apiicola,,micro_Septoria_apiicola
Filamenteux,Ascomycète,Septoria,helianthi,GEVES,,,,,,,,,,,,,,,,,,,dessus_Septoria_apiicola,micro_Septoria_helianthi,,,micro_Septoria_helianthi
Filamenteux,Ascomycète,Septoria,tritici,GEVES,,,,,,,,,,,,,,,,,,,dessus_Septoria_apiicola,micro_Septoria_tritici,,,micro_Septoria_tritici
Filamenteux,Ascomycète,Septoria,petroselini,GEVES,,,,,,,,,,,,,,,,,,,dessus_Septoria_apiicola,micro_Septoria_petroselini,,,micro_Septoria_petroselini
Filamenteux,Ascomycète,Sordaria,alcina,FungiSem,,,,,,,,Oui,,,,,,,,,,,dessus_Sordaria_alcina,Asques_et_ ascospores2_Sordaria_alcina,dessus_Sordaria_alcina,dessous_Sordaria_alcina,Asques_et_ ascospores_Sordaria_alcina
Levuroïde,,Sporobolomyces,roseus,FungiSem,,,,,,,,,,,,,,,,,Rose,Ovoïde,dessus_Sporobolomyces_roseus,micro_Sporobolomyces_roseus,dessus_Sporobolomyces_roseus,dessous_Sporobolomyces_roseus,micro_Sporobolomyces_roseus
Filamenteux,Ascomycète,Stagonosporopsis,cucurbitacearum,FungiSem,,,,,,,,,,,,,,,,,,,dessus_Stagonosporopsis_cucurbitacearum,micro_Stagonosporopsis_cucurbitacearum,dessus_Stagonosporopsis_cucurbitacearum,dessous_Stagonosporopsis_cucurbitacearum,micro_Stagonosporopsis_cucurbitacearum
Filamenteux,Ascomycète,Stemphylium,botryosum,GEVES,Brun/noir,Non,régulier,dense,Non,Non,Non,Oui,Oui,Oui,Libre,Foncée,Dictyospore,3-7,Terminale,Solitaire,,,dessus_Stemphylium_botryosum,conidies_Stemphylium_botryosum,dessus_Stemphylium_botryosum,,conidies_Stemphylium_botryosum
Filamenteux,Ascomycète,Stemphylium,radicinum,GEVES,Brun/noir,Non,régulier,dense,Non,Non,Non,Oui,Oui,Oui,Libre,Foncée,Dictyospore,3-7,Terminale,Solitaire,,,dessus_Stemphylium_radicinum,micro_Stemphylium_radicinum,dessus_Stemphylium_radicinum,,micro2_Stemphylium_radicinum
Filamenteux,Ascomycète,Stysanus,sp.,FungiSem,Blanc/gris,,,,,,,,,,,,,,,,,,dessus_Stysanus_sp.,micro2_Stysanus_sp.,dessus_Stysanus_sp.,,micro1_Stysanus_sp.
Filamenteux,Ascomycète,Trametes,ochracea,FungiSem,Blanc/gris,,,,,,,,,,,,,,,,,,dessus_Trametes_ochracea,,dessus_Trametes_ochracea,dessous_Trametes_ochracea,
Filamenteux,Ascomycète,Trichoderma,afroharzianum,FungiSem,Vert,Oui,régulier,dense,Non,Non,Oui,Non,Oui,Oui,Libre,Claire,Amérospore ,1,,Groupée en bouquet,,,dessus_Trichoderma_gansii,micro_Trichoderma_viride,dessus_Trichoderma_afroharzianum ,,micro_Trichoderma_afroharzianum
Filamenteux,Ascomycète,Trichoderma,citrinoviride,FungiSem,Vert,Oui,régulier,dense,Non,Non,Oui,Non,Oui,Oui,Libre,Claire,Amérospore ,1,,,,,dessus_Trichoderma_gansii,micro_Trichoderma_viride,dessus_Trichoderma_citrinoviride,,micro_Trichoderma_citrinoviride
Filamenteux,Ascomycète,Trichoderma,gansii,FungiSem,Vert,Non,régulier,dense,Non,Non,Oui,Non,Oui,Oui,Libre,Claire,Amérospore ,1,,,,,dessus_Trichoderma_gansii,micro_Trichoderma_viride,dessus_Trichoderma_gansii,dessous_Trichoderma_gansii,micro_Trichoderma_gansii
Filamenteux,Ascomycète,Trichoderma,harzanium,FungiSem,Blanc/gris,Oui,régulier,dense,Non,Non,Oui,Non,Oui,Oui,Libre,Claire,Amérospore ,1,,,,,dessus_Trichoderma_gansii,micro_Trichoderma_viride,dessus_Trichoderma_harzanium,dessous_Trichoderma_harzanium.jpg,micro_Trichoderma_harzanium.jpg
Filamenteux,Ascomycète,Trichoderma,longibrachatium,FungiSem,Vert,Non,régulier,dense,Non,Non,Oui,Non,Oui,Oui,Libre,Claire,Amérospore ,1,,,,,dessus_Trichoderma_gansii,micro_Trichoderma_viride,dessus_Trichoderma_longibrachatium,dessous_Trichoderma_longibrachatium,micro_Trichoderma_longibrachatium
Filamenteux,Ascomycète,Trichoderma,orsan,FungiSem,Vert,Oui,régulier,dense,Non,Non,Oui,Non,Oui,Oui,Libre,Claire,Amérospore ,1,,,,,dessus_Trichoderma_gansii,micro_Trichoderma_viride,dessus_Trichoderma_orsan,dessous_Trichoderma_orsan,micro_Trichoderma_orsan
Filamenteux,Ascomycète,Trichoderma,pleuroticola,FungiSem,Vert,Oui,régulier,dense,Non,Non,Oui,Non,Oui,Oui,Libre,Claire,Amérospore ,1,,,,,dessus_Trichoderma_gansii,micro_Trichoderma_viride,dessus_Trichoderma_pleuroticola,dessous_Trichoderma_pleuroticola,
Filamenteux,Ascomycète,Trichoderma,asperellum,FungiSem,Blanc/gris,Non,régulier,dense,Non,Non,Oui,Non,Oui,Oui,Libre,Claire,Amérospore ,1,,,,,dessus_Trichoderma_gansii,micro_Trichoderma_viride,dessus_Trichoderma_asperellum,dessous_Trichoderma_asperellum,micro_Trichoderma_asperellum
Filamenteux,Ascomycète,Trichoderma,capilare,FungiSem,Vert,Oui,régulier,dense,Non,Non,Oui,Non,Oui,Oui,Libre,Claire,Amérospore ,1,,,,,dessus_Trichoderma_gansii,micro_Trichoderma_viride,dessus_Trichoderma_capilare,dessous_Trichoderma_capilare,micro_Trichoderma_capilare
Filamenteux,Ascomycète,Trichoderma,atroviride,FungiSem,Vert,Oui,régulier,dense,Non,Non,Oui,Non,Oui,Oui,Libre,Claire,Amérospore ,1,,,,,dessus_Trichoderma_gansii,micro_Trichoderma_viride,dessus_Trichoderma_atroviride,dessous_Trichoderma_atroviride,micro_Trichoderma_atroviride
Filamenteux,Ascomycète,Trichoderma,reesei,FungiSem,Vert,Oui,régulier,dense,Non,Non,Oui,Non,Oui,Oui,Libre,Claire,Amérospore ,1,,,,,dessus_Trichoderma_gansii,micro_Trichoderma_viride,dessus_Trichoderma_reesei,dessous_Trichoderma_reesei,micro_Trichoderma_reesei
Filamenteux,Ascomycète,Trichoderma,viride,FungiSem,Vert,Non,régulier,dense,Non,Non,Oui,Non,Oui,Oui,Libre,Claire,Amérospore ,1,,,,,dessus_Trichoderma_gansii,micro_Trichoderma_viride,dessus_Trichoderma_viride,dessous_Trichoderma_viride,micro_Trichoderma_viride
Filamenteux,Ascomycète,Trichoderma,orientalis,FungiSem,Vert,Oui,régulier,dense,Non,Non,Oui,Non,Oui,Oui,Libre,Claire,Amérospore ,1,,,,,dessus_Trichoderma_gansii,micro_Trichoderma_viride,dessus_Trichoderma_orientalis,dessous_Trichoderma_orientalis,micro_Trichoderma_orientalis
Filamenteux,Ascomycète,Trichothecium,sp.,GEVES,Blanc/gris,,,,,,,,,,,,,,,,,,dessus_Trichothecium_sp.,micro_Trichothecium_sp.,dessus_Trichothecium_sp.,,micro_Trichothecium_sp.
Filamenteux,Ascomycète,Venturia,inaequalis,FungiSem,Brun/noir,,,,,,,,,,,,,,,,,,dessus_Venturia_inaequalis,micro_Venturia_inaequalis,dessus_Venturia_inaequalis,dessous_Venturia_inaequalis,micro_Venturia_inaequalis
,Basidiomycète,Waitea,circinata,FungiSem,Blanc/gris,,,,,,,,,,,,,,,,,,dessus_Waitea_circinata,,dessus_Waitea_circinata,dessous_Waitea_circinata,
